                  epoch,         train/box_loss,         train/cls_loss,         train/dfl_loss,   metrics/precision(B),      metrics/recall(B),       metrics/mAP50(B),    metrics/mAP50-95(B),           val/box_loss,           val/cls_loss,           val/dfl_loss,                 lr/pg0,                 lr/pg1,                 lr/pg2
                      0,                 1.4805,                 2.5061,                 1.7173,                0.52794,                0.49248,                0.51284,                0.31944,                 1.3664,                 1.6458,                 1.5547,                0.07003,                0.00333,                0.00333
                      1,                 1.3382,                 1.7729,                 1.5862,                0.54096,                0.55527,                0.55079,                0.34678,                 1.3143,                 1.5383,                 1.5401,               0.039766,              0.0063995,              0.0063995
                      2,                 1.3749,                  1.845,                 1.6315,                0.60392,                0.43158,                0.46714,                0.28745,                 1.4708,                 1.8483,                 1.6859,              0.0092378,               0.009205,               0.009205
